run_num	key_pleasant	key_unpleasant	trial_num	stim	trial_type	hand	trial_dur	iti_dur	display_trial_feedback	start_time	end_time	real_start_time	start_ttl	start_ttl_time	response	rt	correct
1	4	3	0	unpleasant6.jpg	1	left	1.6	0.4	True	0.0	2.0	215.00034400005825	1	215.0003445418552	0		False
1	4	3	1	unpleasant22.jpg	1	left	1.6	0.4	True	2.0	4.0	217.000018833438	1	217.0000219168141	0		False
1	4	3	2	unpleasant11.jpg	1	left	1.6	0.4	True	4.0	6.0	219.0000179584604	1	219.00001950003207	0		False
1	4	3	3	pleasant22.jpg	2	left	1.6	0.4	True	6.0	8.0	221.00001987512223	1	221.0000212918967	0		False
1	4	3	4	pleasant20.jpg	2	left	1.6	0.4	True	8.0	10.0	223.000017875107	1	223.000020458363	0		False
1	4	3	5	unpleasant8.jpg	1	left	1.6	0.4	True	10.0	12.0	225.000020458363	1	225.00002350006253	0		False
1	4	3	6	unpleasant20.jpg	1	left	1.6	0.4	True	12.0	14.0	227.0000168750994	1	227.0000182085205	0		False
1	4	3	7	pleasant16.jpg	2	left	1.6	0.4	True	14.0	16.0	229.00001595844515	1	229.00001958338544	0		False
1	4	3	8	unpleasant13.jpg	1	left	1.6	0.4	True	16.0	18.0	231.00001983344555	1	231.00002216687423	0		False
1	4	3	9	pleasant7.jpg	2	left	1.6	0.4	True	18.0	20.0	233.000016791746	1	233.000019249972	0		False
1	4	3	10	pleasant17.jpg	2	left	1.6	0.4	True	20.0	22.0	235.00002233334817	1	235.0000246251002	0		False
1	4	3	11	pleasant2.jpg	2	left	1.6	0.4	True	22.0	24.0	237.0000205417164	1	237.0000215000473	0		False
1	4	3	12	unpleasant26.jpg	1	left	1.6	0.4	True	24.0	26.0	239.00002187513743	1	239.00002316688187	0		False
1	4	3	13	pleasant10.jpg	2	left	1.6	0.4	True	26.0	28.0	241.0000197917689	1	241.0000227917917	0		False
1	4	3	14	unpleasant9.jpg	1	left	1.6	0.4	True	28.0	30.0	243.0000220418442	1	243.0000251668971	0		False
1	4	3	0	unpleasant6.jpg	1	left	1.6	0.4	True	0.0	2.0	110.00035437499172	1	110.000355000142	0		False
1	4	3	1	unpleasant22.jpg	1	left	1.6	0.4	True	2.0	4.0	112.0000183749944	1	112.000022333581	0		False
1	4	3	2	unpleasant11.jpg	1	left	1.6	0.4	True	4.0	6.0	114.00002250005492	1	114.00002625002526	0		False
1	4	3	3	pleasant22.jpg	2	left	1.6	0.4	True	6.0	8.0	116.00002204161136	1	116.00002316664904	0		False
1	4	3	4	pleasant20.jpg	2	left	1.6	0.4	True	8.0	10.0	118.00001662503928	1	118.0000176250469	0		False
1	4	3	5	unpleasant8.jpg	1	left	1.6	0.4	True	10.0	12.0	120.0000202502124	1	120.00002270843834	0		False
1	4	3	6	unpleasant20.jpg	1	left	1.6	0.4	True	12.0	14.0	122.0000194585882	1	122.00002212519756	0		False
1	4	3	7	pleasant16.jpg	2	left	1.6	0.4	True	14.0	16.0	124.0000176250469	1	124.00002091680652	0		False
1	4	3	8	unpleasant13.jpg	1	left	1.6	0.4	True	16.0	18.0	126.00001695845276	1	126.00001825019716	0		False
1	4	3	9	pleasant7.jpg	2	left	1.6	0.4	True	18.0	20.0	128.0000168750994	1	128.0000200001523	0		False
1	4	3	10	pleasant17.jpg	2	left	1.6	0.4	True	20.0	22.0	130.000017875107	1	130.0000207500998	0		False
1	4	3	11	pleasant2.jpg	2	left	1.6	0.4	True	22.0	24.0	132.000020458363	1	132.00002370844595	0		False
1	4	3	12	unpleasant26.jpg	1	left	1.6	0.4	True	24.0	26.0	134.00001545855775	1	134.0000171251595	0		False
1	4	3	13	pleasant10.jpg	2	left	1.6	0.4	True	26.0	28.0	136.00002033356577	1	136.00002195849083	0		False
1	4	3	14	unpleasant9.jpg	1	left	1.6	0.4	True	28.0	30.0	138.000020458363	1	138.00002370844595	0		False
2	4	3	0	unpleasant21.jpg	1	left	1.6	0.4	True	0.0	2.0	5.000342583283782	1	5.000343166757375	0		False
2	4	3	1	unpleasant20.jpg	1	left	1.6	0.4	True	2.0	4.0	7.0000134168658406	1	7.000015041790903	0		False
2	4	3	2	pleasant16.jpg	2	left	1.6	0.4	True	4.0	6.0	9.000013541663066	1	9.000015166820958	0		False
2	4	3	3	pleasant8.jpg	2	left	1.6	0.4	True	6.0	8.0	11.000013958429918	1	11.000016750069337	0		False
2	4	3	4	unpleasant10.jpg	1	left	1.6	0.4	True	8.0	10.0	13.00001333327964	1	13.00001566670835	0		False
2	4	3	5	pleasant13.jpg	2	left	1.6	0.4	True	10.0	12.0	15.000016541685907	1	15.000019416678697	0		False
2	4	3	6	pleasant19.jpg	2	left	1.6	0.4	True	12.0	14.0	17.000018291641027	1	17.000020999927074	0		False
2	4	3	7	unpleasant17.jpg	1	left	1.6	0.4	True	14.0	16.0	19.000016666715965	1	19.00001775007695	0		False
2	4	3	8	pleasant20.jpg	2	left	1.6	0.4	True	16.0	18.0	21.000017416663468	1	21.000019874889404	0		False
2	4	3	9	pleasant15.jpg	2	left	1.6	0.4	True	18.0	20.0	23.00001141685061	1	23.000014041783288	0		False
2	4	3	10	unpleasant19.jpg	1	left	1.6	0.4	True	20.0	22.0	25.00001720828004	1	25.00001870840788	0		False
2	4	3	11	pleasant12.jpg	2	left	1.6	0.4	True	22.0	24.0	27.00001799990423	1	27.00002079177648	0		False
2	4	3	12	unpleasant24.jpg	1	left	1.6	0.4	True	24.0	26.0	29.000014916760847	1	29.00001604179852	0		False
2	4	3	13	unpleasant5.jpg	1	left	1.6	0.4	True	26.0	28.0	31.000018999911845	1	31.000021999934688	0		False
2	4	3	14	unpleasant4.jpg	1	left	1.6	0.4	True	28.0	30.0	33.00001679174602	1	33.00001862505451	0		False
1	4	3	0	unpleasant6.jpg	1	left	1.6	0.4	True	0.0	2.0	180.0002202084288	1	180.00022074999288	0		False
1	4	3	1	unpleasant22.jpg	1	left	1.6	0.4	True	2.0	4.0	182.0000165416859	1	182.00001720851287	0		False
1	4	3	2	unpleasant11.jpg	1	left	1.6	0.4	True	4.0	6.0	184.0000145835802	1	184.00001520849764	0		False
1	4	3	3	pleasant22.jpg	2	left	1.6	0.4	True	6.0	8.0	186.00002045859583	1	186.0000210418366	0		False
1	4	3	4	pleasant20.jpg	2	left	1.6	0.4	True	8.0	10.0	188.00001545855775	1	188.0000160834752	0		False
1	4	3	5	unpleasant8.jpg	1	left	1.6	0.4	True	10.0	12.0	190.0000149998814	1	190.0000155835878	0		False
1	4	3	6	unpleasant20.jpg	1	left	1.6	0.4	True	12.0	14.0	192.00002016685903	1	192.00002079177648	0		False
1	4	3	7	pleasant16.jpg	2	left	1.6	0.4	True	14.0	16.0	194.0000199584756	1	194.00002054171637	0		False
1	4	3	8	unpleasant13.jpg	1	left	1.6	0.4	True	16.0	18.0	196.0000142918434	1	196.00001487508416	0		False
1	4	3	9	pleasant7.jpg	2	left	1.6	0.4	True	18.0	20.0	198.00002154172398	1	198.0000222499948	0		False
1	4	3	10	pleasant17.jpg	2	left	1.6	0.4	True	20.0	22.0	200.00002366676927	1	200.0000242916867	0		False
1	4	3	11	pleasant2.jpg	2	left	1.6	0.4	True	22.0	24.0	202.00002083345316	1	202.0000215000473	0		False
1	4	3	12	unpleasant26.jpg	1	left	1.6	0.4	True	24.0	26.0	204.00002287491225	1	204.00002350006253	0		False
1	4	3	13	pleasant10.jpg	2	left	1.6	0.4	True	26.0	28.0	206.00001720851287	1	206.000017875107	0		False
1	4	3	14	unpleasant9.jpg	1	left	1.6	0.4	True	28.0	30.0	208.000023833476	1	208.0000245834235	0		False
